{"training": {"learning_rate": 0.015390620322723383, "gamma_scheduler": 0.9997730422510523}, "model": {"hidden_size_FDE": 53, "n_layers_hidden_FDE": 4, "activation_FDE": "leaky_relu", "alpha": 0.81190050223117}}