{"training": {"learning_rate": 0.012110368910339588, "gamma_scheduler": 0.9996347234564522}, "model": {"hidden_size_FDE": 98, "n_layers_hidden_FDE": 4, "activation_FDE": "relu", "alpha": 0.8368395089116486}}