{"training": {"learning_rate": 0.015281109968104835, "gamma_scheduler": 0.9993638072675789}, "model": {"hidden_size_FDE": 14, "n_layers_hidden_FDE": 3, "activation_FDE": "leaky_relu", "alpha": 0.7266931519378632}}