{"training": {"learning_rate": 0.017583476553774915, "gamma_scheduler": 0.9998130002889364}, "model": {"hidden_size_FDE": 45, "n_layers_hidden_FDE": 3, "activation_FDE": "leaky_relu", "alpha": 0.79946589651922}}