{"training": {"learning_rate": 0.008886219060379221, "gamma_scheduler": 0.9995406839083364}, "model": {"hidden_size_FDE": 73, "n_layers_hidden_FDE": 4, "activation_FDE": "relu", "alpha": 0.9021307627867979}}